{
  "project_info": {
    "project_number": "246806172762",
    "firebase_url": "https://pranavmodi-lab1-default-rtdb.firebaseio.com",
    "project_id": "pranavmodi-lab1",
    "storage_bucket": "pranavmodi-lab1.appspot.com"
  },
  "client": [
    {
      "client_info": {
        "mobilesdk_app_id": "1:246806172762:android:7fdaa2ce5d0f2c6bf3f463",
        "android_client_info": {
          "package_name": "com.example.lab3"
        }
      },
      "oauth_client": [],
      "api_key": [
        {
          "current_key": "AIzaSyBoGKfOb4jInReaT8R3z3J50xk_as4PLro"
        }
      ],
      "services": {
        "appinvite_service": {
          "other_platform_oauth_client": []
        }
      }
    },
    {
      "client_info": {
        "mobilesdk_app_id": "1:246806172762:android:addfdd6376f50493f3f463",
        "android_client_info": {
          "package_name": "com.example.pranavmodi_lab1"
        }
      },
      "oauth_client": [],
      "api_key": [
        {
          "current_key": "AIzaSyBoGKfOb4jInReaT8R3z3J50xk_as4PLro"
        }
      ],
      "services": {
        "appinvite_service": {
          "other_platform_oauth_client": []
        }
      }
    }
  ],
  "configuration_version": "1"
}